Brand,Brand variation,Place in PDP,ASIN
Acura,A-cura,Title,https://www.amazon.com/Stainless-Carbon-Pattern-License-Applicable/dp/B0B5L97T2J/
Acura,Tqw A-cura,Color,https://www.amazon.com/Stainless-Carbon-Pattern-License-Applicable/dp/B0B5L97T2J/
Alfa Romeo,A-lfa Romeo,Title,https://www.amazon.com/Stainless-Carbon-Pattern-License-Applicable/dp/B0B5LD93WC/
Alfa Romeo,Tqw A-lfa Romeo,Color,https://www.amazon.com/Stainless-Carbon-Pattern-License-Applicable/dp/B0B5LD93WC/
Alfa Romeo,a0lfa Romeo,Title,https://www.amazon.com/Charging-Coaster-Changeable-Interior-Atmosphere/dp/B0BMVSLF5T/
AMG,For AMGBlack,Color,https://www.amazon.com/Metal-License-Plate-Frame-Replacement/dp/B0BQ2ZY3YJ/
AUDI,DLJQZ-au-0di_S-Black-F1,Color,https://www.amazon.com/Tires-Alloy-Anti-Corrosion-Leak-Proof-Silver/dp/B0B53B752L/
AUDI,For aoo-do-iso1,Color,https://www.amazon.com/Tires-Alloy-Anti-Corrosion-Leak-Proof-Silver/dp/B0B53C69YW/
AUDI,For-au0d-s-Black,Color,https://www.amazon.com/Suitable-Corrosion-Resistant-Leak-Proof-Accessories/dp/B0BG3JXH8J/
AUDI,For-au0d-s-silver,Color,https://www.amazon.com/Suitable-Corrosion-Resistant-Leak-Proof-Accessories/dp/B0BG358KVJ/
AUDI,For-A0U-0D6I-O1-black,Color,https://www.amazon.com/Alloy-Compatible-Anti-Corrosion-Leak-Proof-Accessory/dp/B0BG26PBQV/
AUDI,For-AU-0DI-O1-red,Color,https://www.amazon.com/Alloy-Compatible-Anti-Corrosion-Leak-Proof-Accessory/dp/B0BG255GMF/
AUDI,For-AU-0DI-O1-sliver,Color,https://www.amazon.com/Alloy-Compatible-Anti-Corrosion-Leak-Proof-Accessory/dp/B0BG283463/
AUDI,For-AU-0DI_S-O1-red,Color,https://www.amazon.com/Alloy-Compatible-Anti-Corrosion-Leak-Proof-Accessory/dp/B0BG26NSFZ/
AUDI,For-AU-0DI_S-O1-sliver,Color,https://www.amazon.com/Alloy-Compatible-Anti-Corrosion-Leak-Proof-Accessory/dp/B0BG27D7NJ/
Bentley,B-entley-2,Title,https://www.amazon.com/Stainless-Carbon-Pattern-License-Applicable/dp/B0B5MQGQWC/
Bentley,Tqw B-entley-2,Color,https://www.amazon.com/Stainless-Carbon-Pattern-License-Applicable/dp/B0B5MQGQWC/
BMW,BMW-original,Color,https://www.amazon.com/Carbon-Fiber-License-Plate-Frames/dp/B0BKPVTMYZ/
BMW,Fit B MVV-M,Color,https://www.amazon.com/DEWEST-License-Bracket-Aluminum-Accessories/dp/B0BJDMSGRW/
BMW,Carbon Fiber BMW,Color,
BMW,Fit B.MW-M,Color,https://www.amazon.com/License-Bracket-Premium-Aluminum-Accessories/dp/B0B1ZJQV7D/
BMW,FitBMW,Title,https://www.amazon.com/FitBMW-License-Universal-Standard-Licenses/dp/B0BQC78TF4/
BMW,Fit B.MVV,Color,https://www.amazon.com/Printing-License-Bracket-Aluminum-Accessories/dp/B0BJ655ZTG/
BMW,Fit BMVV,Color,https://www.amazon.com/License-Bracket-Premium-Aluminum-Weather/dp/B0B1ZJPVL2/
BMW,Fit B MW,Color,https://www.amazon.com/License-Bracket-Premium-Aluminum-Weather/dp/B09W44X9W2/
BMW,BMW-M,Title,https://www.amazon.com/License-Frames-Bracket-Aluminum-Weather/dp/B0BBM7V89K/
BMW,Fit BM.VV-M,Color,https://www.amazon.com/License-Bracket-Premium-Aluminum-Weather/dp/B0BHLCWLTT/
BMW,For BMWBlack,Color,https://www.amazon.com/Metal-License-Plate-Frame-Replacement/dp/B0BQ32CZNF/
BMW,B-MW,Title,https://www.amazon.com/Stainless-Carbon-Pattern-License-Applicable/dp/B0B5LD1DKT/
BMW,Tqw B-MW,Color,https://www.amazon.com/Stainless-Carbon-Pattern-License-Applicable/dp/B0B5LD1DKT/
BMW,BMW1,Title,https://www.amazon.com/Lianxiaw-Metal-Valve-Compatible-Accessories/dp/B0B4BH3PY1/
BMW,For-B-M0-W08_Ma0-O1-black,Color,https://www.amazon.com/Alloy-Compatible-Anti-Corrosion-Leak-Proof-Accessory/dp/B0BG27S5X4/
Dodge,Fit D ODGE,Color,https://www.amazon.com/License-Bracket-Premium-Aluminum-Weather/dp/B09W4HHJJC/
Dodge,For DodgeBlack,Color,https://www.amazon.com/Metal-License-Plate-Frame-Replacement/dp/B0BQ2Z7MLP/
Ford,For FordBlack,Color,https://www.amazon.com/Metal-License-Plate-Frame-Replacement/dp/B0BQ2YQY15/
Honda,For HondaBlack,Color,https://www.amazon.com/Metal-License-Plate-Frame-Replacement/dp/B0BQ33TPYM/
Jeep,For JeepBlack,Color,https://www.amazon.com/Metal-License-Plate-Frame-Replacement/dp/B0BQ32NSCR/
Land Rover,L-and Rover,Title,https://www.amazon.com/Stainless-Carbon-Pattern-License-Applicable/dp/B0B5LCSP57/
Land Rover,Tqw L-and Rover,Color,https://www.amazon.com/Stainless-Carbon-Pattern-License-Applicable/dp/B0B5LCSP57/
Land Rover,La0nd Rover,Title,https://www.amazon.com/Charging-Coaster-Changeable-Interior-Atmosphere/dp/B0BMVCF45C/
Lexus,For LexuBlack,Color,https://www.amazon.com/Metal-License-Plate-Frame-Replacement/dp/B07Z88XG4X/
Lincoln,For LincolnBlack,Color,https://www.amazon.com/Metal-License-Plate-Frame-Replacement/dp/B0BQ31BXY9/
Lincoln,L-incoln,Title,https://www.amazon.com/Stainless-Carbon-Pattern-License-Applicable/dp/B0B5L8J75N/
Lincoln,Tqw L-incoln,Color,https://www.amazon.com/Stainless-Carbon-Pattern-License-Applicable/dp/B0B5L8J75N/
Mazda,m-azda,Title,https://www.amazon.com/Goodframe-Silver-License-Plate-Frame/dp/B09TP8L5LC/
Mazda,Fit black m-azda sy,Color,https://www.amazon.com/Goodframe-Silver-License-Plate-Frame/dp/B09TP8L5LC/
Mercedes-Benz,Fit B ENZ,Color,https://www.amazon.com/License-Bracket-Premium-Aluminum-Weather/dp/B09W4SBRWS/
Mercedes-Benz,Fit B enz-(AM.G),Color,https://www.amazon.com/License-Bracket-Premium-Aluminum-Weather/dp/B0B2RS3T64/
Mercedes-Benz,For BenzBlack,Color,https://www.amazon.com/Metal-License-Plate-Frame-Replacement/dp/B0BQ2ZVTRP/
Mini Cooper / MINI,mi-ni,Title,https://www.amazon.com/Stainless-Carbon-Pattern-License-Applicable/dp/B0B5MPTHRB/
Mini Cooper / MINI,Tqw mi-ni,Color,https://www.amazon.com/Stainless-Carbon-Pattern-License-Applicable/dp/B0B5MPTHRB/
Mitsubishi,M-itsubishi,Title,https://www.amazon.com/Goodframe-Silver-License-Plate-Frame/dp/B09TP7MM6X/
Mitsubishi,Fit black Mitsubishi sy,Color,https://www.amazon.com/Goodframe-Silver-License-Plate-Frame/dp/B09TP7MM6X/
Mustang,For MustangBlack,Color,https://www.amazon.com/Metal-License-Plate-Frame-Replacement/dp/B07Z6SB7V5/
Suzuki,S-uzuki,Title,https://www.amazon.com/Goodframe-Silver-License-Plate-Frame/dp/B09TP7WVJS/
Suzuki,Fit black S-uzuki sy,Color,https://www.amazon.com/Goodframe-Silver-License-Plate-Frame/dp/B09TP7WVJS/
Tesla,For TeslaBlack,Color,https://www.amazon.com/Metal-License-Plate-Frame-Replacement/dp/B0BQ2ZSDQL/
Tesla,T-esla,Title,https://www.amazon.com/Goodframe-Silver-License-Plate-Frame/dp/B09TP8CJCV/
Tesla,Fit black T-esla sy,Color,https://www.amazon.com/Goodframe-Silver-License-Plate-Frame/dp/B09TP8CJCV/
Tesla,T-esla,Title,https://www.amazon.com/Stainless-Carbon-Pattern-License-Applicable/dp/B0B5L99GNK/
Tesla,Tqw T-esla,Color,https://www.amazon.com/Stainless-Carbon-Pattern-License-Applicable/dp/B0B5L99GNK/
Tesla,DLJQZ-TE_sla-BLACK-F1,Color,https://www.amazon.com/Tires-Alloy-Anti-Corrosion-Leak-Proof-Silver/dp/B0B53BVZRB/
Tesla,DLJQZ-TE_sla-Silver-F1,Color,https://www.amazon.com/Tires-Alloy-Anti-Corrosion-Leak-Proof-Silver/dp/B0B53CDZGR/
AUDI,Aodi,Color,https://www.amazon.co.uk/Wei-Secret-Keyring-Keychain-Replacement-Accessories/dp/B0BMFXHGLJ/
AUDI,Aoodo-is1,Color,https://www.amazon.co.uk/Wei-Secret-Keyring-Keychain-Replacement-Accessories/dp/B0BMFX96M1/
Mazda,Mazida,Color,https://www.amazon.co.uk/Wei-Secret-Keyring-Keychain-Replacement-Accessories/dp/B0BMFX979Z/
AUDI,For-ao-o-0doi1-f2,Color,https://www.amazon.co.uk/Metal-Keyring-Keychain-Replacement-Accessory/dp/B0BGBQBXC7/
AUDI,For-ao-o-0do1i_s1-f2,Color,https://www.amazon.co.uk/Metal-Keyring-Keychain-Replacement-Accessory/dp/B0BGBRXPBQ/
AMG,For-a-m0g-f2,Color,https://www.amazon.co.uk/Metal-Keyring-Keychain-Replacement-Accessory/dp/B0BGC1QWJ1/
BMW, For-b-m0-w-f2,Color,https://www.amazon.co.uk/Metal-Keyring-Keychain-Replacement-Accessory/dp/B0BGBQCWV3/
Mercedes-Benz,For-be-0nz-f2,Color,https://www.amazon.co.uk/Metal-Keyring-Keychain-Replacement-Accessory/dp/B0BGBST2DC/
Cadillac, For-ca1di-0llac-f2,Color,https://www.amazon.co.uk/Metal-Keyring-Keychain-Replacement-Accessory/dp/B0BGBQ4FNJ/
Chevrolet, For-che1v-r0olet-f2,Color,https://www.amazon.co.uk/Metal-Keyring-Keychain-Replacement-Accessory/dp/B0BGBQ6YWS/
Citroen,For-cit-r0oen-f2,Color,https://www.amazon.co.uk/Metal-Keyring-Keychain-Replacement-Accessory/dp/B0BGBV78HH/
Fiat,For-fi-0at-f2,Color,https://www.amazon.co.uk/Metal-Keyring-Keychain-Replacement-Accessory/dp/B0BGBSQNDT/
Ford,For-fo-0rd-f2,Color,https://www.amazon.co.uk/Metal-Keyring-Keychain-Replacement-Accessory/dp/B0BGBNFRF7/
Honda,For-ho0n-da-f2,Color,https://www.amazon.co.uk/Metal-Keyring-Keychain-Replacement-Accessory/dp/B0BGBQ55KL/
Hyundai,For-hyu0n-dai-f2,Color,https://www.amazon.co.uk/Metal-Keyring-Keychain-Replacement-Accessory/dp/B0BGBRTBJV/
Infiniti,For-infi-n0iti-f2,Color,https://www.amazon.co.uk/Metal-Keyring-Keychain-Replacement-Accessory/dp/B0BGBQX3P9/
Lexus,For-le0x-us-f2,Color,https://www.amazon.co.uk/Metal-Keyring-Keychain-Replacement-Accessory/dp/B0BGBQDBPB/
Lincoln,For-lin-0coln-f2,Color,https://www.amazon.co.uk/Metal-Keyring-Keychain-Replacement-Accessory/dp/B0BGBNPTPC/
Nissan,For-nis0s-an-f2,Color,https://www.amazon.co.uk/Metal-Keyring-Keychain-Replacement-Accessory/dp/B0BGBQCMJN/
Opel,For-op-0el-f2,Color,https://www.amazon.co.uk/Metal-Keyring-Keychain-Replacement-Accessory/dp/B0BGBRTWD2/
Peugeot,For-peu-g0eot-f2,Color,https://www.amazon.co.uk/Metal-Keyring-Keychain-Replacement-Accessory/dp/B0BGBQFZ6B/
Renault,For-re-n0ault-f2,Color,https://www.amazon.co.uk/Metal-Keyring-Keychain-Replacement-Accessory/dp/B0BGBQ9JLJ/
Subaru,For-su-0baru-f2,Color,https://www.amazon.co.uk/Metal-Keyring-Keychain-Replacement-Accessory/dp/B0BGBQVTCT/
Toyota,For-toy0o-ta-f2,Color,https://www.amazon.co.uk/Metal-Keyring-Keychain-Replacement-Accessory/dp/B0BGBQFJKX/
Volvo,For-vo-l0vo-f2,Color,https://www.amazon.co.uk/Metal-Keyring-Keychain-Replacement-Accessory/dp/B0BGBTFCSZ/
Jaguar,for ja-gu0ar,Color,https://www.amazon.co.uk/Protector-Threshold-Protective-Stickers-Compatible/dp/B0B852DZFR/
Peugeot,for pe0u-geot,Color,https://www.amazon.co.uk/Protector-Threshold-Protective-Stickers-Compatible/dp/B0B852MQ45/
Renault,for ren-a0ult,Color,https://www.amazon.co.uk/Protector-Threshold-Protective-Stickers-Compatible/dp/B0B851ZR1K/
Ford,for fo0r-d,Color,https://www.amazon.co.uk/Protector-Threshold-Protective-Stickers-Compatible/dp/B0B8577L2K/
Fiat,for fi0a-t,Color,https://www.amazon.co.uk/Protector-Threshold-Protective-Stickers-Compatible/dp/B0B854QY8S/
Dacia,for da-c0ia,Color,https://www.amazon.co.uk/Protector-Threshold-Protective-Stickers-Compatible/dp/B0B8538YGS/
Citroen,for ci0tr-oen,Color,https://www.amazon.co.uk/Protector-Threshold-Protective-Stickers-Compatible/dp/B0B85662CM/
BMW,for b0m-wM,Color,https://www.amazon.co.uk/Protector-Threshold-Protective-Stickers-Compatible/dp/B0B853N27T/
AUDI,for a0u-di,Color,https://www.amazon.co.uk/Protector-Threshold-Protective-Stickers-Compatible/dp/B0B853QRMF/
Honda,JTB-HO0N_A-Tech1,Color,https://www.amazon.co.uk/Protector-Threshold-Protective-Stickers-Compatible/dp/B0B53B9NN6/
Toyota,for toy0o-ta,Color,https://www.amazon.co.uk/Protector-Threshold-Protective-Stickers-Compatible/dp/B0B853K6QX/
Tesla,3GYXQZ-tesila-silver-F2,Color,https://www.amazon.co.uk/Accessories-Anti-Corrosion-Leak-Proof-Easy-Grip-Silver/dp/B0B4KGB1NM
AUDI,3gyxqz-aoo-doi-black-f2-01,Color,https://www.amazon.co.uk/Accessories-Anti-Corrosion-Leak-Proof-Easy-Grip-Silver/dp/B0B4MZJCVV
AUDI,BD-aodi,Color,https://www.amazon.co.uk/Holder-Coaster-Insert-Interior-Accessories/dp/B0BKWDNF62
Ford,DLJQZ-FuO-R0D8-red,Color,https://www.amazon.de/-/en/Pieces-Accessories-Compatible-Explorer-Mustang/dp/B0BD86NJGL/
Ford,DLJQZ-Fu-R0D-sliver,Color,https://www.amazon.de/-/en/Pieces-Accessories-Compatible-Explorer-Mustang/dp/B0BD8648C9/
Land Rover,DLJQZ-LA0N8D-R5O-VE0R-red,Color,https://www.amazon.de/-/en/Pieces-Accessories-Compatible-Explorer-Mustang/dp/B0BD83MPW5/
Land Rover,DLJQZ-LA0N8D-RO-V0E8R-sliver,Color,https://www.amazon.de/-/en/Pieces-Accessories-Compatible-Explorer-Mustang/dp/B0BD87732W/
Volvo,DLJQZ-V8O-L0V8O-sliver,Color,https://www.amazon.de/-/en/Pieces-Accessories-Compatible-Explorer-Mustang/dp/B0BD877Q3M/
Fiat,DLJQZ-f8i-a0t-sliver,Color,https://www.amazon.de/-/en/Pieces-Accessories-Compatible-Explorer-Mustang/dp/B0BD87LSPC/
Jaguar,DLJQZ-j0a-gu8a0r3-red,Color,https://www.amazon.de/-/en/Pieces-Accessories-Compatible-Explorer-Mustang/dp/B0BD86XZWP/
Jaguar,DLJQZ-jiea-g0u8a0r-sliver,Color,https://www.amazon.de/-/en/Pieces-Accessories-Compatible-Explorer-Mustang/dp/B0BD85KCZR/
Mazda,DLJQZ-ma-zi-da-red,Color,https://www.amazon.de/-/en/Pieces-Accessories-Compatible-Explorer-Mustang/dp/B0BD86QPTH/
Mazda,DLJQZ-ma-zi-da-sliver,Color,https://www.amazon.de/-/en/Pieces-Accessories-Compatible-Explorer-Mustang/dp/B0BD86CN27/
BMW,HXQZ-B-M-W-BLACK,Size,https://www.amazon.de/-/en/Compatible-Fusion-Explorer-Mustang-Pieces/dp/B0B7K8TWW3/
BMW,HXQZ-B-M-W-RED,Size,https://www.amazon.de/-/en/Compatible-Fusion-Explorer-Mustang-Pieces/dp/B0B7KC5X59/
BMW,HXQZ-B-M-W_M-BLACK,Size,https://www.amazon.de/-/en/Compatible-Fusion-Explorer-Mustang-Pieces/dp/B0B7K8QQTS/
BMW,HXQZ-B-M-W_M-RED,Size,https://www.amazon.de/-/en/Compatible-Fusion-Explorer-Mustang-Pieces/dp/B0B7K7WV61/
Audi,HXQZ-Aoo-doi_@so-RED,Size,https://www.amazon.de/-/en/Compatible-Fusion-Explorer-Mustang-Pieces/dp/B0B7K7TPSV/
Ford,HXQZ-FO-RD-BLACK,Size,https://www.amazon.de/-/en/Compatible-Fusion-Explorer-Mustang-Pieces/dp/B0B87CCH6J/
Ford,HXQZ-FO-RD-RED,Size,https://www.amazon.de/-/en/Compatible-Fusion-Explorer-Mustang-Pieces/dp/B0B87CXJ6V/
Honda,HXQZ-HON-DA-RED,Size,https://www.amazon.de/-/en/Compatible-Fusion-Explorer-Mustang-Pieces/dp/B0B87CXJ6V/
Land Rover,HXQZ-LAND-RO-VER-BLACK,Size,https://www.amazon.de/-/en/Compatible-Fusion-Explorer-Mustang-Pieces/dp/B0B69BHXY4/
Land Rover,HXQZ-LAND-RO-VER-RED,Size,https://www.amazon.de/-/en/Compatible-Fusion-Explorer-Mustang-Pieces/dp/B0B69GJ3WC/
Jaguar,HXQZ-ja-guar-BLACK,Size,https://www.amazon.de/-/en/Compatible-Fusion-Explorer-Mustang-Pieces/dp/B0B69FCSS8/
Jaguar,HXQZ-ja-guar-RED,Size,https://www.amazon.de/-/en/Compatible-Fusion-Explorer-Mustang-Pieces/dp/B0B6B7P37X/
AUDI, C3-YGQZ-au-diS-blue,Color,https://www.amazon.de/-/en/Luminous-Fluorescent-Compatible-Explorer-Accessories/dp/B0BBZXHWW2/
AUDI,C3-YGQZ-au-diS-green,Color,https://www.amazon.de/-/en/Luminous-Fluorescent-Compatible-Explorer-Accessories/dp/B0BBZW3517/
AUDI,C3-YGQZ-aubdi-blue,Color,https://www.amazon.de/-/en/Luminous-Fluorescent-Compatible-Explorer-Accessories/dp/B0BBZVK55L/
AUDI,C3-YGQZ-aubdi-green,Color,https://www.amazon.de/-/en/Luminous-Fluorescent-Compatible-Explorer-Accessories/dp/B0BBZY79S8/
BMW,C3-YGQZ-bm-wM-blue,Color,https://www.amazon.de/-/en/Luminous-Fluorescent-Compatible-Explorer-Accessories/dp/B0BBZZVND2/
BMW,C3-YGQZ-bm-wM-green,Color,https://www.amazon.de/-/en/Luminous-Fluorescent-Compatible-Explorer-Accessories/dp/B0BBZWFMGJ/
Fiat,C3-YGQZ-fi-at-blue,Color,https://www.amazon.de/-/en/Luminous-Fluorescent-Compatible-Explorer-Accessories/dp/B0BC163J3M/
Fiat,C3-YGQZ-fi-at-green,Color,https://www.amazon.de/-/en/Luminous-Fluorescent-Compatible-Explorer-Accessories/dp/B0BBZX27CR/
Land Rover,C3-YGQZ-landro-verblue,Color,https://www.amazon.de/-/en/Luminous-Fluorescent-Compatible-Explorer-Accessories/dp/B0BBZVMMNZ/
Land Rover,C3-YGQZ-landro-vergreen,Color,https://www.amazon.de/-/en/Luminous-Fluorescent-Compatible-Explorer-Accessories/dp/B0BBZTC7PX/
Renault,C3-YGQZ re-nault-blue,Color,https://www.amazon.de/-/en/Luminous-Fluorescent-Compatible-Explorer-Accessories/dp/B0BBZVGK8H/
Renault,C3-YGQZ re-nault-green,Color,https://www.amazon.de/-/en/Luminous-Fluorescent-Compatible-Explorer-Accessories/dp/B0BBZV6ZDM/
Land Rover, For Land Rove-r,Color,https://www.amazon.de/Leather-Keychain-Defender-Discovery-Accessories/dp/B0BG8N1TFW/
Mazda, For Maz0da,Color,https://www.amazon.de/Leather-Keychain-Defender-Discovery-Accessories/dp/B0BG8SP4CF/
Toyota,For Toy0ota,Color,https://www.amazon.de/Leather-Keychain-Defender-Discovery-Accessories/dp/B0BG8PV2KG/
Volvo,For Volv-o,Color,https://www.amazon.de/Leather-Keychain-Defender-Discovery-Accessories/dp/B0BG8RSB9P/
Jaguar,For Jagua-r,Color,https://www.amazon.de/Leather-Keychain-Defender-Discovery-Accessories/dp/B0BG8RNC8Q/
Hyundai,For Hyun0dai,Color,https://www.amazon.de/Leather-Keychain-Defender-Discovery-Accessories/dp/B0BG8QKFLZ/
Honda,For Hon0da,Color,https://www.amazon.de/Leather-Keychain-Defender-Discovery-Accessories/dp/B0BG8Q9MZL/
Ford, For For--d,Color,https://www.amazon.de/Leather-Keychain-Defender-Discovery-Accessories/dp/B0BG8S289N/
Cadillac,For Cad0illac,Color,https://www.amazon.de/Leather-Keychain-Defender-Discovery-Accessories/dp/B0BG8STQM4/
BMW,For B0ma-w03,Color,https://www.amazon.de/Leather-Keychain-Defender-Discovery-Accessories/dp/B0BG8SZ7JC/
BMW,For B0m8-w01-ma3,Color,https://www.amazon.de/Leather-Keychain-Defender-Discovery-Accessories/dp/B0BG8P1JLX/
AUDI,For Aud-i-s,Color,https://www.amazon.de/Leather-Keychain-Defender-Discovery-Accessories/dp/B0BG8TRRMC/
AUDI,For A08d0-io3,Color,https://www.amazon.de/Leather-Keychain-Defender-Discovery-Accessories/dp/B0BG8S2Q6G/
AUDI,For A8d0i3,Color,https://www.amazon.de/Leather-Replacement-Explorer-Mustang-Accessories/dp/B0BG8NW88F/
BMW,For Bn-w-m,Color,https://www.amazon.de/Leather-Replacement-Explorer-Mustang-Accessories/dp/B0BG8PVMWM/
BMW,For Bn-w,Color,https://www.amazon.de/Leather-Replacement-Explorer-Mustang-Accessories/dp/B0BG8PNCJ1/
Honda,For -Hond-a,Color,https://www.amazon.de/Leather-Replacement-Explorer-Mustang-Accessories/dp/B0BG8RMMS8/
Luxus,For Lex-s,Color,https://www.amazon.de/Leather-Replacement-Explorer-Mustang-Accessories/dp/B0BG8TJDWX/
Mustang,For Mustan-g,Color,https://www.amazon.de/Leather-Replacement-Explorer-Mustang-Accessories/dp/B0BG8R7G52/
Toyota,For Toyot-a,Color,https://www.amazon.de/Leather-Replacement-Explorer-Mustang-Accessories/dp/B0BG8PJ7KD/
Mazda,SGYXQZ-ma-zi-da-sliver,Color,https://www.amazon.de/-/en/Accessories-Compatible-Fusion-Explorer-Mustang/dp/B0BD8BCKG2/
Ford,DLJQZ-Fu-R0D-sliver,Color,https://www.amazon.de/Pieces-Accessories-Compatible-Explorer-Mustang/dp/B0BD8648C9/
Jeep,DLJQZ-Ji0Puo-sliver,Color,https://www.amazon.de/Pieces-Accessories-Compatible-Explorer-Mustang/dp/B0BD87RHRF/
Land Rover,DLJQZ-LA0N8D-R5O-VE0R-red,Color,https://www.amazon.de/Pieces-Accessories-Compatible-Explorer-Mustang/dp/B0BD83MPW5/
AUDI,DPYJJ-aodiS,Color,https://www.amazon.de/Glasses-Holder-Sunglasses-Ticket-Accessories/dp/B0BLVP1WVK/
BMW,DPYJJ-baoma,Color,https://www.amazon.de/Glasses-Holder-Sunglasses-Ticket-Accessories/dp/B0BLVPJ5VT/
Mercedes-Bent,für-m8e9ce0d8s b0n3z,Color,https://www.amazon.de/-/en/Protector-Protection-Recesses-Explorer-Mustang/dp/B0B4BDFCRD/
Toyota,FST-T8Y2O-T0A3,Color,https://www.amazon.de/-/en/Protector-Protection-Recesses-Explorer-Mustang/dp/B0B9RL8K9N/
AUDI,FST-A0U-D0I8,Color,https://www.amazon.de/-/en/Protector-Protection-Recesses-Explorer-Mustang/dp/B0B9RKZ5Q8/
BMW,FST-Bo-Ma0-W08_M03,Color,https://www.amazon.de/-/en/Protector-Protection-Recesses-Explorer-Mustang/dp/B0B9RPL589/
Jeep,für-j0e8p3,Color,https://www.amazon.de/-/en/Protector-Protection-Recesses-Explorer-Mustang/dp/B0B4BCNVLV/
Peugeot,FST-p8e0u-g3e6ot,Color,https://www.amazon.de/-/en/Protector-Protection-Recesses-Explorer-Mustang/dp/B0B9RLS9T5/
Honda,FST-H08N-D0A3,Color,https://www.amazon.de/-/en/Protector-Protection-Recesses-Explorer-Mustang/dp/B0B9RKYKCF
Fiat,FST-fi-a8t0,Color,https://www.amazon.de/-/en/Protector-Protection-Recesses-Explorer-Mustang/dp/B0B9RL36FG/
Jaguar,FST-ja8-g0u6a2r,Color,https://www.amazon.de/-/en/Protector-Protection-Recesses-Explorer-Mustang/dp/B0B9RNM51M/
Citroen,FST-ci8t0-roe08n,Color,https://www.amazon.de/-/en/Protector-Protection-Recesses-Explorer-Mustang/dp/B0B9RLDYV1/
Land Rover,FST-LA8N0D-R8O-V0E2R,Color,https://www.amazon.de/-/en/Protector-Protection-Recesses-Explorer-Mustang/dp/B0B9RJ87KS/
Dacia,FST-d8a-c02i0a,Color,https://www.amazon.de/-/en/Protector-Protection-Recesses-Explorer-Mustang/dp/B0B9RKYYCN/
BMW,B M W,Title,https://www.amazon.com/Aswelly-Changing-Luminescent-Atmosphere-Accessories/dp/B07MQ24TJ6/
BMW,2pcs B-m-w Coaster,Color,https://www.amazon.com/Genuine-Emblem-Sticker-Insignia-Stamped/dp/B0BNKMW19Q/
BMW,Fit B*W-M,Color,https://www.amazon.com/License-Printing-Bracket-Aluminum-Accessories/dp/B09N358XDR/
BMW,Fit B.MVV,Color,https://www.amazon.com/License-Printing-Bracket-Aluminum-Accessories/dp/B0BJ655ZTG/
BMW,Fit BM.VV-M,Color,https://www.amazon.com/Stainless-License-Bracket-Aluminum-Accessories/dp/B0BKZD7K2V/
BMW,yxl-bm-wm-o,Color,https://www.amazon.co.uk/Valve-Caps-Rust-proof-Vehicle-Sealing/dp/B0BN3MXNMX/
BMW, Black-b-w-m,Color,https://www.amazon.de/-/en/Suitable-Gasket-Stable-Pressure-Accessories/dp/B0BD91TXXG/
Ford,BD-für-FO-0RD,Size,https://www.amazon.de/-/en/Coaster-Holder-Non-Slip-Accessories-Interior/dp/B0BFVS33VJ/
Ford,F&R&O&D;  F O R D,Title,https://www.amazon.com/Doumneou-Letters-2009-2017-Replacement-Accessories/dp/B0BQH8G24V/
F-150 ,F*/150,"Title, PDP bullets",https://www.amazon.com/Replacement-Grille-Lights-Letters-Accessories/dp/B0BMGN5C58/
Ford,F-O-R-D,PDP bullets,https://www.amazon.com/Replacement-Grille-Lights-Letters-Accessories/dp/B0BMGN5C58/
Ford,for F-d,Title,https://www.amazon.com/Grille-Emblem-2004-2014-2005-2007-FTQ/dp/B0BGB63S6D
Ford,for F—d,Color,
Ford,for F—D,Color,
Ford,for F—d/blue,Color,
Ford,for F--d/Black and White,Color,
Skoda,SkodaBlack 4PCS,Color,https://www.amazon.co.uk/ZHUER-Jianhua-Accessories-Stainless-Protection/dp/B09SF1FVH3/
Skoda,Skodablue 4pcs,Color,https://www.amazon.co.uk/ZHUER-Jianhua-Accessories-Stainless-Protection/dp/B09SDZXPVD/
Skoda,SkodaRed 4pcs,Color,https://www.amazon.co.uk/ZHUER-Jianhua-Accessories-Stainless-Protection/dp/B09SDZ6TSR/
Skoda,SkodaSilver 4pcs,Color,https://www.amazon.co.uk/ZHUER-Jianhua-Accessories-Stainless-Protection/dp/B09SDZ5DBN/
VRS,VRSBlue 4pcs,Color,https://www.amazon.co.uk/ZHUER-Jianhua-Accessories-Stainless-Protection/dp/B09SDZMN6H/
VRS,VRSSilver 4pcs,Color,https://www.amazon.co.uk/ZHUER-Jianhua-Accessories-Stainless-Protection/dp/B09SF1CCTL/
Skoda,   for 0SK0-DA0,Color,https://www.amazon.co.uk/Protectors-Protection-Carbon-Sticker-Compatible/dp/B0BRCRXYCG/
Skoda,   wo-sk0-da0-l,Color,https://www.amazon.de/-/en/Protectors-Protection-Carbon-Stickers-Scratch-Resistant/dp/B0BRHZGGQ3/
Skoda,fba-sk0-da1,Color,https://www.amazon.de/Genuine-Leather-Metal-Motorcycle-Keyring/dp/B0BRXDMZ2F/
Toyota,T-ooyoo-ta,Color,https://www.amazon.com/Projector-Rechargeable-Wireless-Courtesy-Including/dp/B09BR4R4JH/
Buick,Bu-ic-k,Color,https://www.amazon.com/dp/B09BR226LJ/
Cadillac,Cadi-llllac,Color,https://www.amazon.com/Projector-Rechargeable-Wireless-Courtesy-Including/dp/B09BR53V74/
Ford,F-oo-ord,Color,https://www.amazon.com/dp/B09QGFRB3J/
Honda,H-on-d-a,Color,https://www.amazon.com/dp/B0BRB55QPL/
Jeep,J-ee-p,Color,https://www.amazon.com/dp/B0BMLFG29D/
Nissan,Ni-ss-an,Color,https://www.amazon.com/dp/B09F9VFP97/
Lexus,L-ex-u-s,Color,https://www.amazon.com/dp/B0BS2Q4WSN/
BMW,B-m-w,Color,https://www.amazon.com/dp/B0BNQ463YL/
AUDI, A - di ,Title,https://www.amazon.com/Projector-Welcome-Shadow-Accessories-Compatible/dp/B0BNGDW8C2/
BMW,b_mwm,Color,https://www.amazon.co.uk/TENFUN-Keychain-Replacement-Accessories-Replacment/dp/B0B534CXZ1/
BMW,B1m-wm,Color,https://www.amazon.co.uk/Coasters-Non-Slip-Compatible-Interior-Accessories/dp/B0B84Z8WGP/
GTI,G-TI,Title,https://www.amazon.co.uk/dp/B0BKQC1HSW
GTI,G/ti,Title,https://www.amazon.co.uk/Non-Slip-Pedals-Footrest-Accelerator-Pads-AT/dp/B09DCMNSJY/
GTI,G Ti,Title,https://www.amazon.co.uk/Pieces-Touran-Mirror-Bright-Rearview/dp/B09FJJQ54Y/
GTI,G&TI,Title,https://www.amazon.co.uk/Chrome-Headlight-Switch-Light-Button/dp/B096VV96YG/
Jetta,Je-tta,Title,https://www.amazon.co.uk/SHOPEMEE-Shifter-Gaiter-Je-tta-1999-2004/dp/B0BJTYGX26/
Jetta,J&etta,Title,https://www.amazon.co.uk/Gear-Stick-Car-AT-Shift/dp/B0BFPBWN82/
Jetta,Je-tt-a,Title,https://www.amazon.co.uk/Accelerator-Ti-gu-G-ol-f-Sc-iro-cco-Oc-tav-ia/dp/B097DL8ZZV/
Scirocco,Sc-iro-cco,Title,https://www.amazon.co.uk/Steering-Shifter-Extended-Sc-iro-cco-2015-2019/dp/B09YCB8BFY/
Scirocco,Sc-iro&cco,Title,https://www.amazon.co.uk/Sc-iro-2008-2015-Carbon-Styling-Accessories/dp/B0BNNF77G8/
Touran,To-ur-an,Title,https://www.amazon.co.uk/Accelerator-Ti-gu-G-ol-f-Sc-iro-cco-Oc-tav-ia/dp/B097DL8ZZV/
Touran,T&ouran,Title,https://www.amazon.co.uk/Chrome-Headlight-Switch-Light-Button/dp/B096VV96YG/
Tiguan,Ti-gu-an,Title,https://www.amazon.co.uk/Pedals-G-ol-f-Je-tt-Sc-iro-cco-Ti-gu/dp/B097DLBHPJ/
Tiguan, T-iguan,Title,https://www.amazon.com/Asgohme-Anti-Dust-Accessories-Compatible-Volkswagen/dp/B09WYLNJQQ/
Tiguan,T&iguan,Title,https://www.amazon.co.uk/Chrome-Headlight-Switch-Light-Button/dp/B096VV96YG/
Tiguan,T iguan,Title,https://www.amazon.com/ZCLINKO-2018-2022-Volkswagne-Anti-dust-Accessories/dp/B09WVCM4HW/
Tiguan,T/iguan,Title,https://www.amazon.com/Fevas-Polarlander-agitar-Adjustment-5ND959565A/dp/B097KKD7VN/
Golf,G/olf,Title,https://www.amazon.co.uk/Non-Slip-Pedals-Footrest-Accelerator-Pads-AT/dp/B09DCMNSJY/
Golf,G&olf,Title,https://www.amazon.co.uk/Gear-Stick-Car-AT-Shift/dp/B0BFPBWN82/
Golf,G-ol-f,Title,https://www.amazon.co.uk/Pedals-G-ol-f-Je-tt-Sc-iro-cco-Ti-gu/dp/B097DLBHPJ/
Golf,G-O-L-F,Title,https://www.amazon.co.uk/Steering-Shifter-Extended-Sc-iro-cco-2015-2019/dp/B09YCB8BFY/
Skoda,Sk-o-da,Title,https://www.amazon.co.uk/Pedals-G-ol-f-Je-tt-Sc-iro-cco-Ti-gu/dp/B097DLBHPJ/
AUDI,A/udi,Title,https://www.amazon.co.uk/Non-Slip-Pedals-Footrest-Accelerator-Pads-AT/dp/B09DCMNSJY/
Octavia,Oc-tav-ia,Title,https://www.amazon.co.uk/Accelerator-Ti-gu-G-ol-f-Sc-iro-cco-Oc-tav-ia/dp/B097DL8ZZV/
Passat,P&assat,Title,https://www.amazon.co.uk/Chrome-Headlight-Switch-Light-Button/dp/B096VV96YG/
Caddy,C&ADDY,Title,https://www.amazon.co.uk/Wipers-Window-Wiper-Cover-assat/dp/B09J16DV5K/
Polo,P-O-L-O,Title,https://www.amazon.co.uk/Steering-Shifter-Extended-Sc-iro-cco-2015-2019/dp/B09YCB8BFY/
VW,V/W,Title,https://www.amazon.co.uk/Non-Slip-Pedals-Footrest-Accelerator-Pads-AT/dp/B09DCMNSJY/
VW,V&W,Title,https://www.amazon.co.uk/Gear-Stick-Car-AT-Shift/dp/B0BFPBWN82/
VW,V-W,Title,https://www.amazon.co.uk/SHOPEMEE-Shifter-Gaiter-Je-tta-1999-2004/dp/B0BJTYGX26/
VW,V-&W,Title,https://www.amazon.co.uk/Sc-iro-2008-2015-Carbon-Styling-Accessories/dp/B0BNNF77G8/
Touareg,To-ure-g,Title,https://www.amazon.co.uk/Pedals-G-ol-f-Je-tt-Sc-iro-cco-Ti-gu/dp/B097DLBHPJ/
Sharan,S&haran ,Title,https://www.amazon.co.uk/Wipers-Window-Wiper-Cover-assat/dp/B09J16DV5K/
Chrysler,C0hrysler,Title,https://www.amazon.com/Charging-Coaster-Changeable-Interior-Atmosphere/dp/B0BMV99LK7/
Range Rover,R0ange Rover,Title,https://www.amazon.com/Charging-Coaster-Changeable-Interior-Atmosphere/dp/B0BMVDWXRJ/
MINI,Min0i,Title,https://www.amazon.com/Charging-Coaster-Changeable-Interior-Atmosphere/dp/B0BMV9K772/
Tesla,Tes0la-2 dun,Title,https://www.amazon.com/Charging-Coaster-Changeable-Interior-Atmosphere/dp/B0BMV9KNS4/
Tesla,Tes0la-1,Title,https://www.amazon.com/Charging-Coaster-Changeable-Interior-Atmosphere/dp/B0BMV9P2SD/
Lincoln,Li0ncoln,Title,https://www.amazon.com/Charging-Coaster-Changeable-Interior-Atmosphere/dp/B0BMVDFZ38/
BMW,B-W-M,Title,https://www.amazon.co.uk/valve-alloy-aluminium-stable-pressure/dp/B0BMFHHT53/
AUDI,AU-D,Title,https://www.amazon.co.uk/valve-alloy-aluminium-stable-pressure/dp/B0BMFMFZP6/
Renault,Ren-AUI,Title,https://www.amazon.co.uk/valve-alloy-aluminium-stable-pressure/dp/B0BMDX9D7Y/
BMW,B-M-W,Title,https://www.amazon.co.uk/Center-Waterproof-Resistant-Decoration-Accessories/dp/B0BW159215/
BMW,B M W,Title,https://www.amazon.co.uk/BUBAGO-Sunscreen-Waterproof-Styling-Accessories/dp/B0BLHH71L4/
AUDI,Aodi,Color,https://www.amazon.co.uk/Coaster-Mercedes-C-Class-Interior-Accessories/dp/B0BKWZ24W4/
AUDI,Aodi-s,Color,https://www.amazon.co.uk/Coaster-Mercedes-C-Class-Interior-Accessories/dp/B0BKWD2P19/
Fiat,Fiat-DPYJJ-Black,Color,https://www.amazon.co.uk/Mercedes-Sunglasses-Leather-Eyeglasses-Accessories/dp/B0BB7RNTKH/
AUDI,SGQZ-YH2-ao8d0i-silver,Color,https://www.amazon.co.uk/Corrosion-Resistant-Premium-Leak-Proof-Accessories/dp/B0BKWDBNKF/
AUDI,SGQZ-YH2-ao8d0i-s01-silver,Color,https://www.amazon.co.uk/Corrosion-Resistant-Premium-Leak-Proof-Accessories/dp/B0BKW9LVB2/
Ford,F/0RD,Title,https://www.amazon.com/CAIJUN-AUTO-Pack-Sensor-CV1T-15K859BB-Compatible/dp/B09KBVNSPQ/
Mondeo,M0N/DE0,Title,https://www.amazon.com/CAIJUN-AUTO-Pack-Sensor-CV1T-15K859BB-Compatible/dp/B09KBVNSPQ/
Mazda,M/A-ZDA,Title,https://www.amazon.com/Crankshaft-1F1Z6C315DA-1F2167082A-F3DE6C315AB-CAIJUN-AUTO/dp/B09KQN83XH/
Ford,F-0RD,Title,https://www.amazon.com/FS01-12-730-FS0112730-Tensioner-Compatible-CAIJUN-AUTO/dp/B09MZF4XQP/
Mazda,M-AZDA,Title,https://www.amazon.com/FS01-12-730-FS0112730-Tensioner-Compatible-CAIJUN-AUTO/dp/B09MZF4XQP/
FIAT,F/lAT,Title,https://www.amazon.com/Pressure-BL3E-9F972-AC-BL3E9F972AC-Compatible-CAIJUN-AUTO/dp/B09JYQPG7H/
Citroen,C/lTR0EN,Title,https://www.amazon.com/Pressure-6PH1002-1-6PH10021-Compatible-CAIJUN-AUTO/dp/B09JYQQ599/
Peugeot,P/EUGE0T,Title,https://www.amazon.com/Pressure-6PH1002-1-6PH10021-Compatible-CAIJUN-AUTO/dp/B09JYQQ599/
Mazda,M-A-Z-D-A,Title,https://www.amazon.com/SP-432-AGSF32FM-Compatible-HEVR0LET-CAIJUN-AUTO/dp/B09KQM4PWT/
Chevrolet,C/HEVR0LET,Title,https://www.amazon.com/SP-432-AGSF32FM-Compatible-HEVR0LET-CAIJUN-AUTO/dp/B09KQM4PWT/
Land Rover,LA/ND R/0VER,Title,https://www.amazon.com/SP-432-AGSF32FM-Compatible-HEVR0LET-CAIJUN-AUTO/dp/B09KQM4PWT/
Buick,BU/lCK,Title,https://www.amazon.com/SP-432-AGSF32FM-Compatible-HEVR0LET-CAIJUN-AUTO/dp/B09KQM4PWT/
Cadillac,CA/DlLLAC,Title,https://www.amazon.com/SP-432-AGSF32FM-Compatible-HEVR0LET-CAIJUN-AUTO/dp/B09KQM4PWT/
BMW,B-mw,Title,https://www.amazon.com/Heart-Horse-Universal-European-Trailer/dp/B079LX75ZF/
BMW,B'MW,Title,https://www.amazon.com/NSLUMO-License-Lights-pre-facelift-Canbus/dp/B01M2Z5YG1/
BMW,B*MW,Title,https://www.amazon.com/Screen-Protector-Rear-10-2-Inch/dp/B09F39NPHS/
BMW,B MW,Title,https://www.amazon.com/ZCLINKO-2020-2022-G20-Screen-Protector/dp/B09DYXMKYY/
BMW,B&MW,Title,https://www.amazon.com/Sticker-S1000RR-Traction-Waterproof-Sunscreen/dp/B0BQDZ14XB/
BMW,B┐MW,Title,https://www.amazon.com/BYTZUM-Adventure-2014-2022-Handguards-Protectors/dp/B0BX9MRPBX/
BMW,B.MW,Title,https://www.amazon.com/AKFRIE-Motorcycle-Compatible-Adventure-2019-2022/dp/B0BWYS14PC/
Ford,F-ord,Title,https://www.amazon.com/GELUOXI-Centre-Console-Holder-2004-2014/dp/B0982Y8Z8Q/
Ford,F ord,Title,https://www.amazon.com/cciyu-Buttons-Keyless-Replacement-CWTWB1U212/dp/B07C52N562/
Mazda,M azda,Title,https://www.amazon.com/cciyu-Buttons-Keyless-Replacement-CWTWB1U212/dp/B07C52N562/
Ford,F'ord,Title,https://www.amazon.com/Auto-Compatible-1984-1996-1988-1997-Running/dp/B0BVZ5HVM9/
Bronco,Bron-co,Title,https://www.amazon.com/SUPAREE-Compatible-Accessories-Multi-Pockets-Organizers/dp/B0BRMYDDYM/
Ford,F-ORD,Title,https://www.amazon.com/WEDOAUTO-Supports-2008-2010-8C3416C826AB-7C3Z16C826AA/dp/B0B9WWC8G3/
Ford,F*ord,Title,https://www.amazon.com/CHEAYAR-ord-Maverick-2022-2023/dp/B0BLXKB1P4/
Mazda,Ma-zda,Title,https://www.amazon.com/Android-Tribute-2007-2012-Wireless-Navigation/dp/B0BTVRD46F/
Ford,F.ord,Title,https://www.amazon.com/AKFRIE-Accelerator-Compatible-Ecosport-Accessories/dp/B0BVLNNV3G/
Fiesta,F-iesta,Title,https://www.amazon.com/Aintier-Keyless-2011-2017-Replacement-KR55WK47899-2/dp/B09JLRVKVM/
Ford,F- ord,Title,https://www.amazon.com/KINOFT-Modified-Vehicle-Vehicles-Christmas/dp/B0BXF144YC/
Raptor,R- aptor,Title,https://www.amazon.com/KINOFT-Modified-Vehicle-Vehicles-Christmas/dp/B0BXF144YC/
Ford,F -ord,Title,https://www.amazon.com/OCPTY-Transmitter-Replacement-CWTWB1U345-CWTWB1U331/dp/B07QDG91QF/
F-150,F- 150,Title,https://www.amazon.com/KINOFT-Alloy-aptor-Model-Metal/dp/B0BX3N244J/
Focus,F/ocus,Title,https://www.amazon.com/MOLEAQI-Tailgate-2004-2007-2003-2006-Accessories/dp/B0BJKLZ8GW/
Ford,F/ord,Title,https://www.amazon.com/MOLEAQI-Tailgate-2004-2007-2003-2006-Accessories/dp/B0BJKLZ8GW/
Mustang,M.ustang,Title,https://www.amazon.com/M-ustang-Distressed-Mustang-Muscle-T-Shirt/dp/B0BXLBVVB2/
Ford,F&ord,Title,https://www.amazon.com/DERAPY-Mondeo-Galaxy-Fiesta-Transit/dp/B0BRGGYRN6/
Ford,F=ord,Title,https://www.amazon.com/SOAKUP-Steering-Extension-shifters-2015-2019/dp/B0BVQPNHHX/
Volvo,V-olvo,Title,https://www.amazon.com/1S7A-9F479-AC-Intake-Manifold-Pressure-M-ercury/dp/B0BDRVNKNF/
Porsche,P/0RSCHE,Title,https://www.amazon.com/engine-cooler-9A110745000-Compatible-CAIJUN-AUTO/dp/B09L5VK667/
Audi,A/Udl,Title,https://www.amazon.com/CAIJUN-AUTO-3D0919275D-3D0998275A-1J0998275B-Compatible/dp/B09K5Q9W9G/
Seat,S/EAT,Title,https://www.amazon.com/CAIJUN-AUTO-3D0919275D-3D0998275A-1J0998275B-Compatible/dp/B09K5Q9W9G/
Skoda,S/K0DA,Title,https://www.amazon.com/CAIJUN-AUTO-3D0919275D-3D0998275A-1J0998275B-Compatible/dp/B09K5Q9W9G/
Cayenne,C-A-Y-E-N-E-E,Title,https://www.amazon.com/engine-cooler-94810727602-Compatible-CAIJUN-AUTO/dp/B09L5WLFH8/
Subaru,S-U-B-A-R-U,Title,https://www.amazon.com/BPR6EIX-Compatible-S-U-B-VEHlCLES-CAIJUN-AUTO/dp/B09KQNX4XJ/
Nissan,Nl/SSAN,Title,https://www.amazon.com/BPR6EIX-Compatible-S-U-B-VEHlCLES-CAIJUN-AUTO/dp/B09KQNX4XJ/
Toyota,T0Y0/TA,Title,https://www.amazon.com/BPR6EIX-Compatible-S-U-B-VEHlCLES-CAIJUN-AUTO/dp/B09KQNX4XJ/
Audi,AU/Dl,Title,https://www.amazon.com/BPR6EIX-Compatible-S-U-B-VEHlCLES-CAIJUN-AUTO/dp/B09KQNX4XJ/
Panamera,P/ANAMElRA,Title,https://www.amazon.com/CAIJUN-AUTO-Headlight-97062813300-Compatible-ANAMElRA/dp/B09JS88RWX/
Macan,M/ACAN,Title,https://www.amazon.com/CAIJUN-AUTO-Headlight-Washer-95B955978-Compatible/dp/B09JS1STQH/
Cayenne,C/AYENNE,Title,https://www.amazon.com/CAIJUN-AUTO-Headlight-7P5955978-7P5955103-Compatible/dp/B09JS8FT7R/
Boxster,B/0XSTER,Title,https://www.amazon.com/CAIJUN-AUTO-Headlight-Washer-99762813301-Compatible/dp/B09JS6HDR8/
Cayman,C/AYMAN,Title,https://www.amazon.com/CAIJUN-AUTO-Headlight-Washer-99762813301-Compatible/dp/B09JS6HDR8/
Porsche,Po-rsche,Title,https://www.amazon.com/Compatible-Po-rsche-C-arrera-P-anamera-Ca-yenne/dp/B0BXJG7NB1/
Cayenne,Ca-yenne,Title,https://www.amazon.com/Compatible-Po-rsche-C-arrera-P-anamera-Ca-yenne/dp/B0BXJG7NB1/
Macan,M-acan,Title,https://www.amazon.com/Compatible-Po-rsche-C-arrera-P-anamera-Ca-yenne/dp/B0BXJG7NB1/
Carrera,C-arrera,Title,https://www.amazon.com/Compatible-Po-rsche-C-arrera-P-anamera-Ca-yenne/dp/B0BXJG7NB1/
Panamera,P-anamera,Title,https://www.amazon.com/Compatible-Po-rsche-C-arrera-P-anamera-Ca-yenne/dp/B0BXJG7NB1/
Macan,M*acan,Title,https://www.amazon.com/LFOTPP-Accessories-2015-2020-Interior-Container/dp/B08627N792/
Porsche,P*orsche,Title,https://www.amazon.com/LFOTPP-Accessories-2015-2020-Interior-Container/dp/B08627N792/
Volkswagen,For Vo2ks0wa8g-n0,Color,https://www.amazon.de/dp/B0B7K76D6M
BMW,/B-M-W/,Size,https://www.amazon.co.jp/dp/B0B2PBB71L
BMW,/B/-/M/-/W/,Size,https://www.amazon.co.jp/dp/B0B2P9YVPV
Porsche,BD-po1rs-c1he-C3-01,Color,https://www.amazon.com.au/Coaster-Drink-Holder-Accessories-Interior/dp/B0BD8RRW47/
Volvo,BD-VO-LVO-C3-01,Color,https://www.amazon.com.au/Coaster-Drink-Holder-Accessories-Interior/dp/B0BD8SJJPJ/
VW,BD-VW-C3-01,Color,https://www.amazon.com.au/Coaster-Drink-Holder-Accessories-Interior/dp/B0BD8W75JC/
BMW,BD-B-M-W_M-C3-01,Color,https://www.amazon.com.au/Coaster-Drink-Holder-Accessories-Interior/dp/B0BD8W51PK/
Ford,BD-FO-RD-C3-01,Color,https://www.amazon.com.au/Coaster-Drink-Holder-Accessories-Interior/dp/B0BD8SMV39/
Porsche,DLJQZ-poor-0s-c1he-Silver,Color,https://www.amazon.sa/-/en/Leak-Proof-Compatible-Panamera-Anti-Corrosion-Accessory/dp/B0BKWGQQNS/
Toyota,DLJQZ-TO2Y0O-T1A-Silver,Color,https://www.amazon.sa/-/en/Leak-Proof-Compatible-Panamera-Anti-Corrosion-Accessory/dp/B0BKWK946N/
Nissan,DLJQZ-N2is0s-an-Silver,Color,https://www.amazon.sa/-/en/Leak-Proof-Compatible-Panamera-Anti-Corrosion-Accessory/dp/B0BKWFQKR1/
Land Rover,DLJQZ-LA2ND0-RO-V2ER-Silver,Color,https://www.amazon.sa/-/en/Leak-Proof-Compatible-Panamera-Anti-Corrosion-Accessory/dp/B0BKWHQJDS/
BMW,DLJQZ-B-M0-2W-Silver,Color,https://www.amazon.sa/-/en/Leak-Proof-Compatible-Panamera-Anti-Corrosion-Accessory/dp/B0BKWF7LWJ/
Peugeot,DLJQZ-p2eu-g0eot-Silver,Color,https://www.amazon.sa/-/en/Leak-Proof-Compatible-Panamera-Anti-Corrosion-Accessory/dp/B0BKWGXMJ3/
Kia,For K-i-a,Color,https://www.amazon.sa/-/en/Projector-Rechargeable-Wireless-Courtesy-Including/dp/B0BNQ5VV94/
Nissan,For Ni-ss-an,Color,https://www.amazon.sa/-/en/Projector-Rechargeable-Wireless-Courtesy-Including/dp/B09F9VFP97/
Jeep,For J-ee-p,Color,https://www.amazon.sa/-/en/Projector-Rechargeable-Wireless-Courtesy-Including/dp/B0BMLFG29D/
BMW,For B-M-W,Color,https://www.amazon.sa/-/en/Projector-Rechargeable-Wireless-Courtesy-Including/dp/B0BNQ463YL/
Lincoln,for LLinco-ln,Color,https://www.amazon.sa/-/en/Lincoln-Welcome-Wireless-Projector-Suitable/dp/B08G58YH3P/
Jaguar,For J-G,Color,https://www.amazon.sa/-/en/Projector-Shadow-Courtesy-Welcome-Compatible/dp/B0989RWX7Q/
Land Rover,For L-R,Color,https://www.amazon.sa/-/en/Projector-Shadow-Courtesy-Welcome-Compatible/dp/B0989PF2QB/
Jaguar,for Jagu-ar,Color,https://www.amazon.sa/-/en/Projector-Mickey-Wireless-Courtesy-Welcome/dp/B08T78J14S/
Mazda,for Maz-da,Color,https://www.amazon.sa/-/en/Projector-Mickey-Wireless-Courtesy-Welcome/dp/B08T794YY5/
Ford,Fo-rd,Title ,https://www.amazon.com/Car-Door-Projectors-Projector-Light/dp/B0BS5ML2MB/ref=sr_1_28?keywords=LOWEEY&qid=1680087193&sr=8-28
Chevrolet,For Ch-evv-yy,Color,https://www.amazon.com/Projector-Rechargeable-Wireless-Courtesy-Including/dp/B09BR5HG8N/?th=1
Chevrolet,Chevrol-et,Title,https://www.amazon.com/Chevrol-Wireless-Welcome-Courtesy-Projector/dp/B09MLF4R5D/
Toyota, For T-ooyoo-ta,Color,https://www.amazon.com/Projector-Rechargeable-Wireless-Courtesy-Including/dp/B09BR4R4JH/
Ford,For F-oo-ord,Color,https://www.amazon.com/Projector-Rechargeable-Wireless-Courtesy-Including/dp/B09QGFRB3J/?th=1
Nissan,For Ni-ss-an,Color,https://www.amazon.com/Projector-Rechargeable-Wireless-Courtesy-Including/dp/B09F9VFP97/?th=1
Lexus,For L-ex-u-s,Color,https://www.amazon.com/Projector-Rechargeable-Wireless-Courtesy-Including/dp/B0BS2Q4WSN/?th=1
Honda,For H-on-d-a,Color,https://www.amazon.com/Projector-Rechargeable-Wireless-Courtesy-Including/dp/B09BR53V74/?th=1
Buick,For Bu-ic-k,Color,https://www.amazon.com/Projector-Rechargeable-Wireless-Courtesy-Including/dp/B09BR226LJ/?th=1
Cadillac,For Cadi-llllac,Color,https://www.amazon.com/Projector-Rechargeable-Wireless-Courtesy-Including/dp/B09BR53V74/?th=1
Jeep,For J-ee-p,Color,https://www.amazon.com/Projector-Rechargeable-Wireless-Courtesy-Including/dp/B0BMLFG29D/?th=1
Kia,For K-i-a,Color,https://www.amazon.com/Projector-Rechargeable-Wireless-Courtesy-Including/dp/B0BNQ5VV94/?th=1
Audi,A1u-di,Color,https://www.amazon.co.uk/Coasters-Non-Slip-Compatible-Interior-Accessories/dp/B0B8528NF1/
Audi,A-u-d-i,Color,https://www.amazon.co.uk/Coasterss-Luminescent-Accessories-Decoration-Atmosphere/dp/B0BYSHXLS2/
Mercedes Benz,B-en-z,Color,https://www.amazon.co.uk/Coasterss-Luminescent-Accessories-Decoration-Atmosphere/dp/B0BYSPGYZB/
Cadillac,Ca-dil-lac,Color,https://www.amazon.co.uk/Coasterss-Luminescent-Accessories-Decoration-Atmosphere/dp/B0BZC8BXWX/
Mini,Mi-ni,Color,https://www.amazon.co.uk/Coasterss-Luminescent-Accessories-Decoration-Atmosphere/dp/B0BZHQG8ST/
Maserati,Ma-sera-ti,Color,https://www.amazon.co.uk/Coasterss-Luminescent-Accessories-Decoration-Atmosphere/dp/B0BZHRG1KD/
Audi,Bd-aodi-s,Color,https://www.amazon.co.uk/Holder-Coaster-Interior-Accessories-Black/dp/B0BKWC99HL/
SEAT,BK-SEAT-ATO,Color,https://www.amazon.de/-/en/Leather-Keyring-Ibiza-Tarraco-Pieces/dp/B0BKNWW3SM/
OPEL, BK-OP-ELATO ,Color,https://www.amazon.de/-/en/Leather-Keyring-Ibiza-Tarraco-Pieces/dp/B0BKPKZ5J3/
KIA, bk-ki-a-ato ,Color,https://www.amazon.de/-/en/Leather-Keyring-Ibiza-Tarraco-Pieces/dp/B0BKPHW8SL/
Mazda, bk-maz-da-ato ,Color,https://www.amazon.de/-/en/Leather-Keyring-Ibiza-Tarraco-Pieces/dp/B0BKPNWDD1/
FIAT, KP-QI-FIA ,Color,https://www.amazon.de/dp/B0BF7JH1WY/
FIAT, Fba-fi2-at ,Color,https://www.amazon.de/dp/B0BQRB6QZY/
Mitsubishi, Fba-mit2-mitsubishi ,Color,https://www.amazon.de/dp/B0BQRBC1KD/
Opel, Fba-op2-el ,Color,https://www.amazon.de/dp/B0BQRB7SWB
Seat, Fba-se2-at ,Color,https://www.amazon.de/dp/B0BQRB9374/
Volvo, Fba-vol2-vo ,Color,https://www.amazon.de/dp/B0BQR96MSK/
Peugeot,Fba-peug2-eot,Color,https://www.amazon.de/dp/B0BQRBTX4S/
Renault,Fba-rena2-ualt,Color,https://www.amazon.de/dp/B0BQRBMGXB/
BMW,Fba-bm2-w,Color,https://www.amazon.de/dp/B0BQRBGQG1/
Hyundai,Fba-hyun2-dai,Color,https://www.amazon.de/dp/B0BQR8VCBR/
Opel,BD-op-el-C3-01,Color,https://www.amazon.de/dp/B0BD8TK9Z9/
AUDI,Bd-au-di-c3-01,Color,https://www.amazon.de/dp/B0BD8RC8BK/
BMW,BD-B-M-W-C3-01,Color,https://www.amazon.de/dp/B0BD8WF7KM/
BMW,BD-B-M-W_M-C3-01,Color,https://www.amazon.de/dp/B0BD8W51PK/
Ford,BD-FO-RD-C3-01,Color,https://www.amazon.de/dp/B0BD8SMV39/
Toyota,BD-TOYO-TA-C3-01,Color,https://www.amazon.de/dp/B0BD8SZW96/
Volvo,Bd-vo-lvo-c3-01,Color,https://www.amazon.de/dp/B0BD8SJJPJ/
Subaru,BD-sub-aru-C3-01,Color,https://www.amazon.de/dp/B0BD8RF3S6/
Toyota,For Toyot-a,Color,https://www.amazon.de/dp/B0BG8PJ7KD/
AUDI,for-au0di,Color,https://www.amazon.de/-/en/Juliets-Protector-Protection-Sticker-Scratch-Resistant/dp/B0BG8SYYRL/
BMW, for-bm0w-M,Color,https://www.amazon.de/-/en/Juliets-Protector-Protection-Sticker-Scratch-Resistant/dp/B0BG8R8BVS/
Jaguar, for-Jag0uar,Color,https://www.amazon.de/-/en/Juliets-Protector-Protection-Sticker-Scratch-Resistant/dp/B0BG8RDHPN/
Honda,For -Hond-a,Color,https://www.amazon.de/-/en/Juliets-Leather-Replacement-Keyring-Accessories/dp/B0BG8RMMS8/
Honda,For Hon0da,Color,https://www.amazon.de/-/en/Juliets-Leather-Keyring-Keychain-Accessories/dp/B0BG8Q9MZL/
Jaguar,For Jagua-r,Color,https://www.amazon.de/-/en/Juliets-Leather-Keyring-Keychain-Accessories/dp/B0BG8RNC8Q/
Volvo,For Vol0v-o,Color,https://www.amazon.de/-/en/Juliets-Leather-Keyring-Keychain-Accessories/dp/B0BG8RSB9P/
BMW,For Bn-w-m,Color,https://www.amazon.de/-/en/Leather-Replacement-M135i-M240i-accessories/dp/B0BG8PVMWM/
Ford,forFord,Color,https://www.amazon.nl/Universeel-Draadloze-Led-Logo-Projector-Oplaadbare-Accessoires/dp/B08CD19TYK/
Nissan,forNissan,Color,https://www.amazon.nl/Universeel-Draadloze-Led-Logo-Projector-Oplaadbare-Accessoires/dp/B08CCZKTZJ/
Honda,HCD-HN-DA,Color,https://www.amazon.es/dp/B0BB8Q14SR
Ford,Hcd-f-rd,Color,https://www.amazon.fr/dp/B0CDRVWW8L
Hyundai,Hcd-hyn-bai,Color,https://www.amazon.fr/dp/B0CDRTGFQB
Toyota,Hcd-toyo-ta,Color,https://www.amazon.fr/dp/B0CDRWD1CM?
